{"cameraMode":{"drawMode":0,"name":"Shaded","section":"Shading Mode"},"sceneLighting":false,"audioPlay":false,"sceneViewState":{"showFog":true,"showMaterialUpdate":false,"showSkybox":false,"showFlares":true,"showImageEffects":true,"showParticleSystems":true},"in2DMode":false,"pivot":{"x":46.94184494018555,"y":14.2233304977417,"z":19.158536911010743},"rotation":{"x":0.059008415788412097,"y":0.6792003512382507,"z":-0.054935406893491748,"w":0.7295156121253967},"size":0.1428956538438797,"orthographic":false}