{"cameraMode":{"drawMode":0,"name":"Shaded","section":"Shading Mode"},"sceneLighting":false,"audioPlay":false,"sceneViewState":{"showFog":true,"showMaterialUpdate":false,"showSkybox":false,"showFlares":true,"showImageEffects":true,"showParticleSystems":true},"in2DMode":false,"pivot":{"x":43.56679153442383,"y":1.694566011428833,"z":4.590000152587891},"rotation":{"x":-0.38885700702667239,"y":-0.5906116366386414,"z":0.38892921805381777,"w":-0.5906091928482056},"size":64.99678802490235,"orthographic":false}