{"cameraMode":{"drawMode":0,"name":"Shaded","section":"Shading Mode"},"sceneLighting":false,"audioPlay":false,"sceneViewState":{"showFog":true,"showMaterialUpdate":false,"showSkybox":false,"showFlares":true,"showImageEffects":true,"showParticleSystems":true},"in2DMode":false,"pivot":{"x":5.999999523162842,"y":1.0619500875473023,"z":-2.1003737449645998},"rotation":{"x":0.03380834311246872,"y":-0.8557626008987427,"z":0.513315737247467,"w":0.05632609874010086},"size":1.5257596969604493,"orthographic":false}