{"cameraMode":{"drawMode":0,"name":"Shaded","section":"Shading Mode"},"sceneLighting":false,"audioPlay":false,"sceneViewState":{"showFog":true,"showMaterialUpdate":false,"showSkybox":false,"showFlares":true,"showImageEffects":true,"showParticleSystems":true},"in2DMode":false,"pivot":{"x":0.06999999284744263,"y":0.009999999776482582,"z":0.5799999237060547},"rotation":{"x":0.5529811978340149,"y":-0.3922823965549469,"z":0.330350786447525,"w":0.6566628217697144},"size":5.8336310386657719,"orthographic":false}