{"cameraMode":{"drawMode":0,"name":"Shaded","section":"Shading Mode"},"sceneLighting":false,"audioPlay":false,"sceneViewState":{"showFog":true,"showMaterialUpdate":false,"showSkybox":false,"showFlares":true,"showImageEffects":true,"showParticleSystems":true},"in2DMode":false,"pivot":{"x":39.56999969482422,"y":0.0,"z":19.149999618530275},"rotation":{"x":-0.004470025189220905,"y":-0.8468672633171082,"z":0.5317662358283997,"w":-0.007117948494851589},"size":3.750399351119995,"orthographic":false}