{"cameraMode":{"drawMode":0,"name":"Shaded","section":"Shading Mode"},"sceneLighting":true,"audioPlay":false,"sceneViewState":{"showFog":true,"showMaterialUpdate":false,"showSkybox":true,"showFlares":true,"showImageEffects":true,"showParticleSystems":true},"in2DMode":false,"pivot":{"x":44.04058837890625,"y":-3.497126817703247,"z":17.183008193969728},"rotation":{"x":0.3903796970844269,"y":0.596774697303772,"z":-0.40933793783187868,"w":0.5691409111022949},"size":15.188749313354493,"orthographic":false}