{"cameraMode":{"drawMode":0,"name":"Shaded","section":"Shading Mode"},"sceneLighting":false,"audioPlay":false,"sceneViewState":{"showFog":true,"showMaterialUpdate":false,"showSkybox":false,"showFlares":true,"showImageEffects":true,"showParticleSystems":true},"in2DMode":false,"pivot":{"x":46.94184494018555,"y":14.2233304977417,"z":19.158536911010743},"rotation":{"x":0.22056028246879579,"y":0.7722529768943787,"z":-0.4768899977207184,"w":0.35716769099235537},"size":0.1428956538438797,"orthographic":false}