{"cameraMode":{"drawMode":0,"name":"Shaded","section":"Shading Mode"},"sceneLighting":false,"audioPlay":false,"sceneViewState":{"showFog":true,"showMaterialUpdate":false,"showSkybox":false,"showFlares":true,"showImageEffects":true,"showParticleSystems":true},"in2DMode":false,"pivot":{"x":44.765953063964847,"y":-2.0291547775268556,"z":19.141714096069337},"rotation":{"x":-0.2826491892337799,"y":-0.6404389142990112,"z":0.276758074760437,"w":-0.6589885354042053},"size":9.848073959350586,"orthographic":false}