{"cameraMode":{"drawMode":0,"name":"Shaded","section":"Shading Mode"},"sceneLighting":false,"audioPlay":false,"sceneViewState":{"showFog":true,"showMaterialUpdate":false,"showSkybox":false,"showFlares":true,"showImageEffects":true,"showParticleSystems":true},"in2DMode":false,"pivot":{"x":46.19819259643555,"y":1.0536174774169922,"z":16.615909576416017},"rotation":{"x":-0.3638361692428589,"y":-0.2270115464925766,"z":0.09355215728282929,"w":-0.89910888671875},"size":0.3981609642505646,"orthographic":false}