{"cameraMode":{"drawMode":0,"name":"Shaded","section":"Shading Mode"},"sceneLighting":true,"audioPlay":false,"sceneViewState":{"showFog":true,"showMaterialUpdate":false,"showSkybox":true,"showFlares":true,"showImageEffects":true,"showParticleSystems":true},"in2DMode":false,"pivot":{"x":44.965213775634769,"y":-2.9653966426849367,"z":13.489095687866211},"rotation":{"x":0.4230893850326538,"y":0.5681300759315491,"z":-0.4245894253253937,"w":0.5649296641349793},"size":19.1346435546875,"orthographic":false}