{"cameraMode":{"drawMode":0,"name":"Shaded","section":"Shading Mode"},"sceneLighting":false,"audioPlay":false,"sceneViewState":{"showFog":true,"showMaterialUpdate":false,"showSkybox":false,"showFlares":true,"showImageEffects":true,"showParticleSystems":true},"in2DMode":false,"pivot":{"x":23.378345489501954,"y":-18.685949325561525,"z":5.334963321685791},"rotation":{"x":-0.3188217580318451,"y":-0.591320276260376,"z":0.2741825580596924,"w":-0.6887439489364624},"size":46.07550811767578,"orthographic":false}