{"cameraMode":{"drawMode":0,"name":"Shaded","section":"Shading Mode"},"sceneLighting":false,"audioPlay":false,"sceneViewState":{"showFog":true,"showMaterialUpdate":false,"showSkybox":false,"showFlares":true,"showImageEffects":true,"showParticleSystems":true},"in2DMode":false,"pivot":{"x":29.589292526245118,"y":21.524688720703126,"z":31.814380645751954},"rotation":{"x":0.2429105043411255,"y":0.6505247354507446,"z":-0.23219184577465058,"w":0.6815128326416016},"size":21.615873336791993,"orthographic":false}