{"cameraMode":{"drawMode":0,"name":"Shaded","section":"Shading Mode"},"sceneLighting":false,"audioPlay":false,"sceneViewState":{"showFog":true,"showMaterialUpdate":false,"showSkybox":false,"showFlares":true,"showImageEffects":true,"showParticleSystems":true},"in2DMode":false,"pivot":{"x":43.22600173950195,"y":1.3589999675750733,"z":19.142812728881837},"rotation":{"x":0.055767763406038287,"y":-0.9288917183876038,"z":0.3328547477722168,"w":0.1552359163761139},"size":4.104322910308838,"orthographic":false}