{"cameraMode":{"drawMode":0,"name":"Shaded","section":"Shading Mode"},"sceneLighting":false,"audioPlay":false,"sceneViewState":{"showFog":true,"showMaterialUpdate":false,"showSkybox":false,"showFlares":true,"showImageEffects":true,"showParticleSystems":true},"in2DMode":false,"pivot":{"x":46.49291229248047,"y":-0.8555412888526917,"z":12.82499885559082},"rotation":{"x":0.3011476397514343,"y":0.6182971596717835,"z":-0.2789253890514374,"w":0.6711336374282837},"size":16.486942291259767,"orthographic":false}