{"cameraMode":{"drawMode":0,"name":"Shaded","section":"Shading Mode"},"sceneLighting":false,"audioPlay":false,"sceneViewState":{"showFog":true,"showMaterialUpdate":false,"showSkybox":false,"showFlares":true,"showImageEffects":true,"showParticleSystems":true},"in2DMode":false,"pivot":{"x":58.998565673828128,"y":-9.428508758544922,"z":9.332003593444825},"rotation":{"x":-0.24706213176250459,"y":-0.6600488424301148,"z":0.24579215049743653,"w":-0.6661792397499085},"size":24.807283401489259,"orthographic":false}